'Nr. (ges.)','Nr.','Deutscher Titel'
21,1,'Gute alte Zeit'
21,2,'Gefangene der Toten'
21,3,'Tag der Frösche'
21,4,'Vatos'
21,5,'Tag 194'
21,6,'Nichts mehr'
22,1,'Zukunft im Rückspiegel'
22,2,'Blutsbande'
22,3,'Die letzte Kugel'
22,4,'Die Cherokee Rose'
22,5,'Chupacabra'
22,6,'Beichten'
22,7,'Tot oder lebendig'
22,8,'Nebraska'
22,9,'Am Abzug'
22,10,'Ausgesetzt'
22,11,'Sorry, Bruder!'
22,12,'Die besseren Engel unserer Natur'
22,13,'Die Mahd'
23,1,'Die Saat'
23,2,'Rosskur'
23,3,'Zeit der Ernte'
23,4,'Leben und Tod'
23,5,'Anruf'
23,6,'Auf der Jagd'
23,7,'Tod vor der Tür'
23,8,'Siehe, Dein Bruder'
23,9,'Kriegsrecht'
23,10,'Zuflucht'
23,11,'Judas'
23,12,'Gesichter der Toten'
23,13,'Das Ultimatum'
23,14,'Der Fang'
23,15,'Der Strick des Jägers'
23,16,'Stirb und töte'
24,1,'Kein Tag ohne Unglück'
24,2,'Tod, überall Tod'
24,3,'Quarantäne'
24,4,'Im Zweifel'
24,5,'Die Krankheit zum Tode'
24,6,'Lebendköder'
24,7,'Handicap'
24,8,'Kein Zurück'
24,9,'Für Dich'
24,10,'Neben dem Gleis'
24,11,'Besetzt'
24,12,'Alkohol'
24,13,'Allein'
24,14,'Schonung'
24,15,'Vereint'
24,16,'Terminus'
25,1,'Keine Zuflucht'
25,2,'Gabriel'
25,3,'Vier Wände und ein Dach'
25,4,'Slabtown'
25,5,'Selbsthilfe'
25,6,'Verschwunden'
25,7,'Zug um Zug'
25,8,'Coda'
25,9,'Der hohe Preis fürs Leben'
25,10,'Lebende Tote'
25,11,'Akrasia'
25,12,'Erinnerung'
25,13,'Vergessen'
25,14,'Falsches Licht'
25,15,'Helfer'
25,16,'Herrsche'
26,1,'Herdentrieb'
26,2,'Kämpfer'
26,3,'Danke'
26,4,'Hier ist nicht hier'
26,5,'Hier und Jetzt'
26,6,'Wer die Wahl hat'
26,7,'Die Wand'
26,8,'Nicht das Ende'
26,9,'In der Falle'
26,10,'Die neue Welt'
26,11,'Lösung'
26,12,'Die Nacht vor dem Morgen'
26,13,'Im selben Boot'
26,14,'Keine Gleise'
26,15,'Nach Osten'
26,16,'Der letzte Tag auf Erden'
27,1,'Der Tag wird kommen'
27,2,'Der Brunnen'
27,3,'Die Zelle'
27,4,'Fron'
27,5,'Draufgänger'
27,6,'Der Schwur'
27,7,'Sing mir ein Lied'
27,8,'Unsere Herzen schlagen noch'
27,9,'Der Stein in der Straße'
27,10,'Neue beste Freunde'
27,11,'Wir sind Negan'
27,12,'Sag Ja'
27,13,'Begrabt mich hier'
27,14,'Auf die andere Seite'
27,15,'Was wir brauchen'
27,16,'Heute beginnt der Rest des Lebens'
28,1,'Erster Kampf'
28,2,'Die Verdammten'
28,3,'Wir oder Die'
28,4,'Nur irgendwer'
28,5,'Die Beichte'
28,6,'Der König, die Witwe und Rick'
28,7,'Für Danach'
28,8,'Kampf um die Zukunft'
28,9,'Ehre'
28,10,'Botschaften'
28,11,'Flucht nach Hilltop'
28,12,'Der Schlüssel zur Zukunft'
28,13,'Der Weg der Toten'
28,14,'Ich sterbe nicht'
28,15,'Die rechte Hand'
28,16,'Zorn'
29,1,'Ein neuer Anfang'
29,2,'Die Brücke'
29,3,'Keine Ausnahmen'
29,4,'Hungerstreik'
29,5,'Wach auf'
29,6,'Die Welt dreht sich weiter'
29,7,'Stradivarius'
29,8,'Geflüster'
29,9,'Home Sweet Home'
29,10,'Lydia'
29,11,'Damit leben'
29,12,'Anführer'
29,13,'Engpass'
29,14,'Narben'
29,15,'Die Ruhe davor'
29,16,'Der Sturm'
30,1,'Überschrittene Grenzen'
30,2,'Wir sind das Ende der Welt'
30,3,'Geister'
30,4,'Masken'
30,5,'Diebstahl und Lügen'
30,6,'Neue Verbindungen'
30,7,'Mach die Augen auf'
30,8,'Nichts ist wie zuvor'
